1,google.com
2,facebook.com
3,youtube.com
4,netflix.com
5,microsoft.com
6,twitter.com
7,wikipedia.org
8,baidu.com
9,yahoo.com
10,linkedin.com
11,instagram.com
12,amazon.com
13,qq.com
14,apple.com
15,live.com
16,msn.com
17,pinterest.com
18,tmall.com
19,bing.com
20,taobao.com
21,reddit.com
22,adobe.com
23,doubleclick.net
24,blogspot.com
25,sohu.com
26,yelp.com
27,wordpress.com
28,vk.com
29,vimeo.com
30,youtu.be
31,yandex.ru
32,weibo.com
33,jd.com
34,amazonaws.com
35,sina.com.cn
36,github.com
37,google-analytics.com
38,ebay.com
39,googletagmanager.com
40,goo.gl
41,googleusercontent.com
42,360.cn
43,t.co
44,tumblr.com
45,paypal.com
46,godaddy.com
47,nytimes.com
48,mozilla.org
49,bit.ly
50,twitch.tv
51,imgur.com
52,dailymotion.com
53,people.com
54,yahoo.co.jp
55,wordpress.org
56,imdb.com
57,microsoftonline.com
58,fandom.com
59,mail.ru
60,dropbox.com
61,flickr.com
62,pornhub.com
63,quizlet.com
64,fbcdn.net
65,porn555.com
66,office.com
67,buzzfeed.com
68,go.com
69,aliexpress.com
70,skype.com
71,soundcloud.com
72,google.co.in
73,nflxso.net
74,stackexchange.com
75,gravatar.com
76,bbc.co.uk
77,nih.gov
78,stackoverflow.com
79,cnn.com
80,w3.org
81,csdn.net
82,livejasmin.com
83,alipay.com
84,sourceforge.net
85,icloud.com
86,whatsapp.com
87,apache.org
88,googlesyndication.com
89,akamaiedge.net
90,naver.com
91,theguardian.com
92,urbandictionary.com
93,google.com.hk
94,europa.eu
95,digicert.com
96,tribunnews.com
97,ytimg.com
98,amazon.co.jp
99,bilibili.com
100,slideshare.net
101,weebly.com
102,googleadservices.com
103,msedge.net
104,xvideos.com
105,xinhuanet.com
106,archive.org
107,google.de
108,forbes.com
109,bbc.com
110,office365.com
111,medium.com
112,google.co.jp
113,aol.com
114,163.com
115,spotify.com
116,php.net
117,booking.com
118,craigslist.org
119,xhamster.com
120,glassdoor.com
121,thehill.com
122,hulu.com
123,amazon.co.uk
124,ok.ru
125,nflximg.com
126,tinyurl.com
127,oracle.com
128,virginmedia.com
129,google.com.br
130,quora.com
131,issuu.com
132,google.co.uk
133,cnet.com
134,hp.com
135,creativecommons.org
136,wikimedia.org
137,google.ru
138,gizmodo.com
139,amazon.de
140,google.fr
141,bustle.com
142,github.io
143,akadns.net
144,dailymail.co.uk
145,goodreads.com
146,cnbc.com
147,reuters.com
148,deviantart.com
149,legacy.com
150,wsj.com
151,giphy.com
152,washingtonpost.com
153,wixsite.com
154,wikia.com
155,gnu.org
156,espn.com
157,wix.com
158,softonic.com
159,walmart.com
160,google.it
161,hao123.com
162,addthis.com
163,whitepages.com
164,exosrv.com
165,huffingtonpost.com
166,researchgate.net
167,mit.edu
168,etsy.com
169,amazon.in
170,blogger.com
171,soso.com
172,weather.com
173,bloomberg.com
174,popads.net
175,wp.com
176,google.es
177,sciencedirect.com
178,ranker.com
179,wellsfargo.com
180,harvard.edu
181,facebook.net
182,gamespot.com
183,opera.com
184,so.com
185,ibm.com
186,instructure.com
187,t-online.de
188,windows.net
189,medicalnewstoday.com
190,babytree.com
191,ggpht.com
192,intuit.com
193,stanford.edu
194,zhihu.com
195,rakuten.co.jp
196,cloudflare.com
197,scribd.com
198,tripadvisor.com
199,pixnet.net
200,theverge.com
201,wired.com
202,tianya.cn
203,telegraph.co.uk
204,aparat.com
205,livejournal.com
206,usatoday.com
207,okezone.com
208,youku.com
209,myspace.com
210,force.com
211,eventbrite.com
212,thestartmagazine.com
213,businessinsider.com
214,scorecardresearch.com
215,douban.com
216,googlevideo.com
217,detik.com
218,gfycat.com
219,chase.com
220,alibaba.com
221,groupon.com
222,fc2.com
223,xnxx.com
224,samsung.com
225,mysql.com
226,nasa.gov
227,zillow.com
228,roblox.com
229,slate.com
230,twimg.com
231,ettoday.net
232,indeed.com
233,hugedomains.com
234,salesforce.com
235,surveymonkey.com
236,eonline.com
237,lifehacker.com
238,nicovideo.jp
239,iqiyi.com
240,macromedia.com
241,wiley.com
242,buzzfeednews.com
243,google.cn
244,cpanel.net
245,politico.com
246,outlook.com
247,crashlytics.com
248,mediafire.com
249,free.fr
250,googletagservices.com
251,npr.org
252,indiatimes.com
253,apple-dns.net
254,onlinesbi.com
255,timeanddate.com
256,adnxs.com
257,discordapp.com
258,vice.com
259,google.ca
260,debian.org
261,google.com.mx
262,windows.com
263,list-manage.com
264,cdc.gov
265,time.com
266,cnblogs.com
267,gmw.cn
268,wikihow.com
269,youtube-nocookie.com
270,foxnews.com
271,w3schools.com
272,nature.com
273,steamcommunity.com
274,drudgereport.com
275,ebay.de
276,cpanel.com
277,duckduckgo.com
278,amazon-adsystem.com
279,webmd.com
280,ebay.co.uk
281,jimdo.com
282,steampowered.com
283,ask.com
284,who.int
285,globo.com
286,latimes.com
287,ted.com
288,marriott.com
289,springer.com
290,bankofamerica.com
291,statcounter.com
292,aaplimg.com
293,panda.tv
294,cloudfront.net
295,uol.com.br
296,kickstarter.com
297,behance.net
298,newyorker.com
299,cheatsheet.com
300,avito.ru
301,irs.gov
302,bongacams.com
303,techcrunch.com
304,state.gov
305,about.com
306,dell.com
307,myshopify.com
308,daum.net
309,mailchimp.com
310,android.com
311,openload.co
312,taboola.com
313,1688.com
314,ca.gov
315,un.org
316,variety.com
317,themeforest.net
318,adp.com
319,shopify.com
320,shutterstock.com
321,berkeley.edu
322,bukalapak.com
323,independent.co.uk
324,windowsupdate.com
325,vox.com
326,demdex.net
327,digg.com
328,zhanqi.tv
329,google.com.tr
330,patch.com
331,sogou.com
332,www.gov.uk
333,45eijvhgj2.com
334,ups.com
335,ifeng.com
336,slack.com
337,chaturbate.com
338,2mdn.net
339,patreon.com
340,moatads.com
341,cbsnews.com
342,pinimg.com
343,nationalgeographic.com
344,onenote.net
345,mega.nz
346,dolohen.com
347,china.com.cn
348,ikea.com
349,akamaihd.net
350,google.com.tw
351,txxx.com
352,ntp.org
353,rubiconproject.com
354,adsrvr.org
355,snopes.com
356,feedburner.com
357,amazon.fr
358,gmail.com
359,squarespace.com
360,engadget.com
361,wattpad.com
362,cornell.edu
363,mashable.com
364,zendesk.com
365,washington.edu
366,canva.com
367,app-measurement.com
368,otvfoco.com.br
369,wetransfer.com
370,trello.com
371,caijing.com.cn
372,rollingstone.com
373,ea.com
374,thekitchn.com
375,intel.com
376,cdninstagram.com
377,bandcamp.com
378,academia.edu
379,cisco.com
380,mercadolivre.com.br
381,msftncsi.com
382,stumbleupon.com
383,loc.gov
384,redd.it
385,usps.com
386,messenger.com
387,typepad.com
388,hola.org
389,douyu.com
390,disqus.com
391,nginx.org
392,addtoany.com
393,huanqiu.com
394,ietf.org
395,savefrom.net
396,twentytwowords.com
397,rt.com
398,google.pl
399,pbs.org
400,criteo.com
401,bet9ja.com
402,metropcs.mobi
403,theroot.com
404,pki.goog
405,flipkart.com
406,pubmatic.com
407,sfgate.com
408,box.com
409,usnews.com
410,udemy.com
411,eastday.com
412,sitemaps.org
413,advertising.com
414,airbnb.com
415,sharepoint.com
416,akamai.net
417,aliyun.com
418,zoom.us
419,line.me
420,amazon.it
421,openx.net
422,freepik.com
423,webs.com
424,spanishdict.com
425,tokopedia.com
426,247sports.com
427,mapquest.com
428,spankbang.com
429,outbrain.com
430,playstation.com
431,deadspin.com
432,kotaku.com
433,gvt2.com
434,cambridge.org
435,americanexpress.com
436,ft.com
437,washingtonexaminer.com
438,google.com.au
439,change.org
440,rlcdn.com
441,arstechnica.com
442,thoughtcatalog.com
443,bluekai.com
444,casalemedia.com
445,amzn.to
446,talktalk.co.uk
447,yts.am
448,speedtest.net
449,evernote.com
450,launchpad.net
451,jianshu.com
452,jalopnik.com
453,avclub.com
454,symantec.com
455,arnebrachhold.de
456,accuweather.com
457,akamaized.net
458,bestbuy.com
459,finance101.com
460,xfinity.com
461,thepiratebay.org
462,dailycaller.com
463,wiktionary.org
464,polygon.com
465,umich.edu
466,radio.com
467,snapchat.com
468,digikala.com
469,onlinevideoconverter.com
470,bodelen.com
471,photobucket.com
472,britannica.com
473,att.com
474,princeton.edu
475,mathtag.com
476,chinadaily.com.cn
477,nickiswift.com
478,pixabay.com
479,expedia.com
480,tripod.com
481,economist.com
482,psychologytoday.com
483,gamepedia.com
484,cbs.com
485,meetup.com
486,noaa.gov
487,psu.edu
488,google.co.kr
489,mozilla.com
490,wunderground.com
491,verizon.com
492,rambler.ru
493,amazon.ca
494,cobalten.com
495,theatlantic.com
496,fidelity.com
497,kayak.com
498,youm7.com
499,fb.com
500,dropcatch.com
